{
	"textures": {
		"0": "animated_java:item/rayleigh"
	},
	"elements": [
		{
			"from": [
				4,
				2,
				6
			],
			"to": [
				12,
				14,
				10
			],
			"rotation": {
				"angle": 0,
				"axis": "y",
				"origin": [
					0,
					-10,
					0
				]
			},
			"faces": {
				"north": {
					"uv": [
						5,
						5,
						7,
						8
					],
					"texture": "#0"
				},
				"east": {
					"uv": [
						7,
						5,
						8,
						8
					],
					"texture": "#0"
				},
				"south": {
					"uv": [
						8,
						5,
						10,
						8
					],
					"texture": "#0"
				},
				"west": {
					"uv": [
						4,
						5,
						5,
						8
					],
					"texture": "#0"
				},
				"up": {
					"uv": [
						5,
						4,
						7,
						5
					],
					"texture": "#0"
				},
				"down": {
					"uv": [
						7,
						4,
						9,
						5
					],
					"texture": "#0"
				}
			}
		}
	],
	"display": {
		"head": {
			"rotation": [
				0,
				180,
				0
			]
		}
	}
}