{
	"credit": "Made with Blockbench, a free, modern block model editor by JannisX11",
	"textures": {
		"1": "skin/skin"
	},
	"elements": [
		{
			"name": "RightLeg1",
			"from": [8, 0, 6],
			"to": [12, 12, 10],
			"faces": {
				"north": {"uv": [1, 5, 2, 8], "texture": "#1"},
				"east": {"uv": [0, 5, 1, 8], "texture": "#1"},
				"south": {"uv": [3, 5, 4, 8], "texture": "#1"},
				"west": {"uv": [2, 5, 3, 8], "texture": "#1"},
				"up": {"uv": [1, 4, 2, 5], "texture": "#1"},
				"down": {"uv": [2, 4, 3, 5], "texture": "#1"}
			}
		},
		{
			"name": "LeftLeg1",
			"from": [4, 0, 6],
			"to": [8, 12, 10],
			"faces": {
				"north": {"uv": [5, 13, 6, 16], "texture": "#1"},
				"east": {"uv": [4, 13, 5, 16], "texture": "#1"},
				"south": {"uv": [7, 13, 8, 16], "texture": "#1"},
				"west": {"uv": [6, 13, 7, 16], "texture": "#1"},
				"up": {"uv": [5, 12, 6, 13], "texture": "#1"},
				"down": {"uv": [6, 12, 7, 13], "texture": "#1"}
			}
		},
		{
			"name": "Body1",
			"from": [4, 12, 6],
			"to": [12, 24, 10],
			"faces": {
				"north": {"uv": [5, 5, 7, 8], "texture": "#1"},
				"east": {"uv": [4, 5, 5, 8], "texture": "#1"},
				"south": {"uv": [8, 5, 10, 8], "texture": "#1"},
				"west": {"uv": [7, 5, 8, 8], "texture": "#1"},
				"up": {"uv": [5, 4, 7, 5], "texture": "#1"},
				"down": {"uv": [7, 4, 9, 5], "texture": "#1"}
			}
		}
	],
	"display": {
		"head": {
			"translation": [0, -31.5, 0],
			"scale": [1.58, 1.58, 1.58]
		}
	}
}