{
	"credit": "Made with Blockbench, a free, modern block model editor by JannisX11",
	"textures": {
		"1": "skin/skin"
	},
	"elements": [
		{
			"name": "Head1",
			"from": [4, 24, 4],
			"to": [12, 32, 12],
			"faces": {
				"north": {"uv": [2, 2, 4, 4], "texture": "#1"},
				"east": {"uv": [0, 2, 2, 4], "texture": "#1"},
				"south": {"uv": [6, 2, 8, 4], "texture": "#1"},
				"west": {"uv": [4, 2, 6, 4], "texture": "#1"},
				"up": {"uv": [2, 0, 4, 2], "texture": "#1"},
				"down": {"uv": [4, 0, 6, 2], "texture": "#1"}
			}
		}
	],
	"display": {
		"head": {
			"translation": [0, -31.5, 0],
			"scale": [1.58, 1.58, 1.58]
		}
	}
}