{
	"credit": "Made with Blockbench, a free, modern block model editor by JannisX11",
	"textures": {
		"1": "skin/skin"
	},
	"elements": [
		{
			"name": "LeftArm1",
			"from": [0, 12, 6],
			"to": [4, 24, 10],
			"faces": {
				"north": {"uv": [9, 13, 10, 16], "texture": "#1"},
				"east": {"uv": [8, 13, 9, 16], "texture": "#1"},
				"south": {"uv": [11, 13, 12, 16], "texture": "#1"},
				"west": {"uv": [10, 13, 11, 16], "texture": "#1"},
				"up": {"uv": [9, 12, 10, 13], "texture": "#1"},
				"down": {"uv": [10, 12, 11, 13], "texture": "#1"}
			}
		}
	],
	"display": {
		"thirdperson_lefthand": {
			"rotation": [90, 0, 0],
			"translation": [-6, -2, -4]
		},
		"head": {
			"translation": [0, -31.5, 0],
			"scale": [1.58, 1.58, 1.58]
		}
	}
}