{
	"textures": {
		"0": "minecraft:cit/rayleigh/rayleigh",
		"particle": "minecraft:item/pufferfish"
	},
	"display": {
		"head": {
			"rotation": [0, 180, 0]
		}
	},
	"elements": [
		{
			"from": [4, 3, 4],
			"to": [12, 11, 12],
			"rotation": {
				"angle": 0,
				"axis": "y",
				"origin": [0, -21, 0]
			},
			"faces": {
				"north": {
					"uv": [2, 2, 4, 4],
					"texture": "#0"
				},
				"east": {
					"uv": [0, 2, 2, 4],
					"texture": "#0"
				},
				"south": {
					"uv": [6, 2, 8, 4],
					"texture": "#0"
				},
				"west": {
					"uv": [4, 2, 6, 4],
					"texture": "#0"
				},
				"up": {
					"uv": [2, 0, 4, 2],
					"texture": "#0"
				},
				"down": {
					"uv": [4, 0, 6, 2],
					"texture": "#0"
				}
			}
		}
	]
}