{
	"textures": {
		"0": "minecraft:cit/rayleigh/rayleigh",
		"particle": "minecraft:item/pufferfish"
	},
	"display": {
		"head": {
			"rotation": [0, 180, 0]
		}
	},
	"elements": [
		{
			"from": [6, -2, 6],
			"to": [10, 10, 10],
			"rotation": {
				"angle": 0,
				"axis": "y",
				"origin": [6, -14, 0]
			},
			"faces": {
				"north": {
					"uv": [9, 13.25, 10, 16],
					"texture": "#0"
				},
				"east": {
					"uv": [8, 13, 9, 16],
					"texture": "#0"
				},
				"south": {
					"uv": [11, 13, 12, 16],
					"texture": "#0"
				},
				"west": {
					"uv": [10, 13, 11, 16],
					"texture": "#0"
				},
				"up": {
					"uv": [9, 12, 10, 13],
					"texture": "#0"
				},
				"down": {
					"uv": [10, 12, 11, 13],
					"texture": "#0"
				}
			}
		}
	]
}