{
	"textures": {
		"0": "minecraft:cit/rayleigh/rayleigh",
		"particle": "minecraft:item/pufferfish"
	},
	"display": {
		"head": {
			"rotation": [0, 180, 0]
		}
	},
	"elements": [
		{
			"from": [6, -2, 6],
			"to": [10, 10, 10],
			"rotation": {
				"angle": 0,
				"axis": "y",
				"origin": [-6, -14, 0]
			},
			"faces": {
				"north": {
					"uv": [11, 5, 12, 8],
					"texture": "#0"
				},
				"east": {
					"uv": [10, 5, 11, 8],
					"texture": "#0"
				},
				"south": {
					"uv": [13, 5, 14, 8],
					"texture": "#0"
				},
				"west": {
					"uv": [12, 5, 13, 8],
					"texture": "#0"
				},
				"up": {
					"uv": [11, 4, 12, 5],
					"texture": "#0"
				},
				"down": {
					"uv": [12, 4, 13, 5],
					"texture": "#0"
				}
			}
		}
	]
}