{
	"textures": {
		"0": "minecraft:cit/rayleigh/rayleigh",
		"particle": "minecraft:item/pufferfish"
	},
	"display": {
		"head": {
			"rotation": [0, 180, 0]
		}
	},
	"elements": [
		{
			"from": [6, -3, 6],
			"to": [10, 9, 10],
			"rotation": {
				"angle": 0,
				"axis": "y",
				"origin": [-2, -3, 0]
			},
			"faces": {
				"north": {
					"uv": [1, 5, 2, 8],
					"texture": "#0"
				},
				"east": {
					"uv": [0, 5, 1, 8],
					"texture": "#0"
				},
				"south": {
					"uv": [3, 5, 4, 8],
					"texture": "#0"
				},
				"west": {
					"uv": [5.5, 13, 6.5, 16],
					"texture": "#0"
				},
				"up": {
					"uv": [1, 4, 2, 5],
					"texture": "#0"
				},
				"down": {
					"uv": [2, 4, 3, 5],
					"texture": "#0"
				}
			}
		}
	]
}