{
	"credit": "Made with Blockbench",
	"textures": {
		"0": "maskjai",
		"particle": "maskjai"
	},
	"elements": [
		{
			"from": [4, 4, 4],
			"to": [12, 6, 12],
			"rotation": {"angle": 0, "axis": "y", "origin": [8, 8, 8]},
			"faces": {
				"north": {"uv": [9.25, 0, 11.25, 0.5], "texture": "#0", "cullface": "north"},
				"east": {"uv": [9.25, 0.5, 11.25, 1], "texture": "#0", "cullface": "east"},
				"south": {"uv": [9.25, 1, 11.25, 1.5], "texture": "#0", "cullface": "south"},
				"west": {"uv": [0, 9.5, 2, 10], "texture": "#0", "cullface": "west"},
				"up": {"uv": [2, 7.5, 0, 5.5], "texture": "#0", "cullface": "up"},
				"down": {"uv": [4, 5.5, 2, 7.5], "texture": "#0", "cullface": "down"}
			}
		},
		{
			"from": [10, 3, 4.5],
			"to": [12, 4, 10.5],
			"rotation": {"angle": 0, "axis": "y", "origin": [8, 8, 8]},
			"faces": {
				"north": {"uv": [11, 11, 11.5, 11.25], "texture": "#0", "cullface": "north"},
				"east": {"uv": [6.5, 10.25, 8, 10.5], "texture": "#0", "cullface": "east"},
				"south": {"uv": [11.25, 0, 11.75, 0.25], "texture": "#missing", "cullface": "south"},
				"west": {"uv": [9.25, 10.25, 10.75, 10.5], "texture": "#0", "cullface": "west"},
				"up": {"uv": [8.5, 10.5, 8, 9], "texture": "#missing", "cullface": "up"},
				"down": {"uv": [3.75, 9.5, 3.25, 11], "texture": "#0", "cullface": "down"}
			}
		},
		{
			"from": [12, 4, 4.5],
			"to": [13, 5, 10.5],
			"rotation": {"angle": 0, "axis": "y", "origin": [8, 8, 8]},
			"faces": {
				"north": {"uv": [11.5, 6.75, 11.75, 7], "texture": "#0", "cullface": "north"},
				"east": {"uv": [5, 10.5, 6.5, 10.75], "texture": "#0", "cullface": "east"},
				"south": {"uv": [11.5, 7, 11.75, 7.25], "texture": "#missing", "cullface": "south"},
				"west": {"uv": [6.5, 10.5, 8, 10.75], "texture": "#missing", "cullface": "west"},
				"up": {"uv": [2.25, 11.75, 2, 10.25], "texture": "#0", "cullface": "up"},
				"down": {"uv": [2.5, 10.25, 2.25, 11.75], "texture": "#0", "cullface": "down"}
			}
		},
		{
			"from": [13, 4, 5.25],
			"to": [15, 5, 10.25],
			"rotation": {"angle": 0, "axis": "y", "origin": [8, 8, 8]},
			"faces": {
				"north": {"uv": [11.25, 1.25, 11.75, 1.5], "texture": "#0", "cullface": "north"},
				"east": {"uv": [9.25, 10.75, 10.5, 11], "texture": "#0", "cullface": "east"},
				"south": {"uv": [5, 11.25, 5.5, 11.5], "texture": "#0", "cullface": "south"},
				"west": {"uv": [10.75, 9.25, 12, 9.5], "texture": "#missing", "cullface": "west"},
				"up": {"uv": [10, 4.5, 9.5, 3.25], "texture": "#0", "cullface": "up"},
				"down": {"uv": [4.25, 9.5, 3.75, 10.75], "texture": "#0", "cullface": "down"}
			}
		},
		{
			"from": [12, 5, 6.25],
			"to": [14, 6, 9.25],
			"rotation": {"angle": 0, "axis": "y", "origin": [8, 8, 8]},
			"faces": {
				"north": {"uv": [5.5, 11.25, 6, 11.5], "texture": "#0", "cullface": "north"},
				"east": {"uv": [8, 7.25, 8.75, 7.5], "texture": "#0", "cullface": "east"},
				"south": {"uv": [6, 11.25, 6.5, 11.5], "texture": "#0", "cullface": "south"},
				"west": {"uv": [10.25, 11, 11, 11.25], "texture": "#missing", "cullface": "west"},
				"up": {"uv": [3, 11, 2.5, 10.25], "texture": "#0", "cullface": "up"},
				"down": {"uv": [8.5, 10.5, 8, 11.25], "texture": "#missing", "cullface": "down"}
			}
		},
		{
			"from": [10, 3, 10],
			"to": [12, 4, 11],
			"rotation": {"angle": 0, "axis": "y", "origin": [8, 8, 8]},
			"faces": {
				"north": {"uv": [11.25, 0.25, 11.75, 0.5], "texture": "#missing", "cullface": "north"},
				"east": {"uv": [6.25, 11.5, 6.5, 11.75], "texture": "#0", "cullface": "east"},
				"south": {"uv": [11.25, 0.5, 11.75, 0.75], "texture": "#0", "cullface": "south"},
				"west": {"uv": [11.5, 6.25, 11.75, 6.5], "texture": "#0", "cullface": "west"},
				"up": {"uv": [11.75, 1, 11.25, 0.75], "texture": "#0", "cullface": "up"},
				"down": {"uv": [11.75, 1, 11.25, 1.25], "texture": "#0", "cullface": "down"}
			}
		},
		{
			"from": [11, 4, 10],
			"to": [13, 5, 11],
			"rotation": {"angle": 0, "axis": "y", "origin": [8, 8, 8]},
			"faces": {
				"north": {"uv": [8.25, 11.5, 8.5, 11.75], "texture": "#missing", "cullface": "north"},
				"east": {"uv": [8.5, 11.5, 8.75, 11.75], "texture": "#0", "cullface": "east"},
				"south": {"uv": [8.75, 11.5, 9, 11.75], "texture": "#0", "cullface": "south"},
				"west": {"uv": [9, 11.5, 9.25, 11.75], "texture": "#missing", "cullface": "west"},
				"up": {"uv": [9.5, 11.75, 9.25, 11.5], "texture": "#0", "cullface": "up"},
				"down": {"uv": [9.75, 11.5, 9.5, 11.75], "texture": "#0", "cullface": "down"}
			}
		},
		{
			"from": [4, 6, 4.05],
			"to": [8, 7, 5.05],
			"rotation": {"angle": 22.5, "axis": "z", "origin": [8, 7, 4]},
			"faces": {
				"north": {"uv": [10.75, 10, 11.75, 10.25], "texture": "#0", "cullface": "north"},
				"east": {"uv": [8.25, 11.25, 8.5, 11.5], "texture": "#missing", "cullface": "east"},
				"south": {"uv": [10.75, 10.25, 11.75, 10.5], "texture": "#0", "cullface": "south"},
				"west": {"uv": [3.5, 11.5, 3.75, 11.75], "texture": "#missing", "cullface": "west"},
				"up": {"uv": [11.5, 11, 10.5, 10.75], "texture": "#0", "cullface": "up"},
				"down": {"uv": [11.75, 10.5, 10.75, 10.75], "texture": "#missing", "cullface": "down"}
			}
		},
		{
			"from": [8, 6, 4.05],
			"to": [12, 7, 5.05],
			"rotation": {"angle": -22.5, "axis": "z", "origin": [8, 7, 4]},
			"faces": {
				"north": {"uv": [11, 2.25, 12, 2.5], "texture": "#0", "cullface": "north"},
				"east": {"uv": [11.5, 5.75, 11.75, 6], "texture": "#missing", "cullface": "east"},
				"south": {"uv": [11, 2.5, 12, 2.75], "texture": "#0", "cullface": "south"},
				"west": {"uv": [11.5, 6, 11.75, 6.25], "texture": "#missing", "cullface": "west"},
				"up": {"uv": [12, 3, 11, 2.75], "texture": "#0", "cullface": "up"},
				"down": {"uv": [12, 3, 11, 3.25], "texture": "#missing", "cullface": "down"}
			}
		},
		{
			"from": [2.55, 3.1, 3.75],
			"to": [7.55, 4.1, 11.75],
			"rotation": {"angle": -22.5, "axis": "z", "origin": [7.8, 2, 4]},
			"faces": {
				"north": {"uv": [10.75, 7.25, 12, 7.5], "texture": "#0"},
				"east": {"uv": [9.5, 4.5, 11.5, 4.75], "texture": "#missing"},
				"south": {"uv": [10.75, 7.5, 12, 7.75], "texture": "#0"},
				"west": {"uv": [9.5, 4.75, 11.5, 5], "texture": "#0"},
				"up": {"uv": [1.25, 9.5, 0, 7.5], "texture": "#0"},
				"down": {"uv": [2.5, 7.5, 1.25, 9.5], "texture": "#0"}
			}
		},
		{
			"from": [2.8, 2.1, 4.75],
			"to": [7.8, 3.1, 10.75],
			"rotation": {"angle": -22.5, "axis": "z", "origin": [7.8, 2, 4]},
			"faces": {
				"north": {"uv": [10.75, 8.25, 12, 8.5], "texture": "#0"},
				"east": {"uv": [10, 6.75, 11.5, 7], "texture": "#missing"},
				"south": {"uv": [10.75, 8.5, 12, 8.75], "texture": "#0"},
				"west": {"uv": [10, 7, 11.5, 7.25], "texture": "#0"},
				"up": {"uv": [6.25, 9, 5, 7.5], "texture": "#missing"},
				"down": {"uv": [7.5, 7.5, 6.25, 9], "texture": "#0"}
			}
		},
		{
			"from": [8.45, 3.1, 3.75],
			"to": [13.45, 4.1, 11.75],
			"rotation": {"angle": 22.5, "axis": "z", "origin": [8.2, 2, 4]},
			"faces": {
				"north": {"uv": [10.75, 7.75, 12, 8], "texture": "#0"},
				"east": {"uv": [9.5, 5, 11.5, 5.25], "texture": "#0"},
				"south": {"uv": [10.75, 8, 12, 8.25], "texture": "#0"},
				"west": {"uv": [9.5, 5.25, 11.5, 5.5], "texture": "#missing"},
				"up": {"uv": [3.75, 9.5, 2.5, 7.5], "texture": "#0"},
				"down": {"uv": [5, 7.5, 3.75, 9.5], "texture": "#0"}
			}
		},
		{
			"from": [8.2, 2.1, 4.75],
			"to": [13.2, 3.1, 10.75],
			"rotation": {"angle": 22.5, "axis": "z", "origin": [8.2, 2, 4]},
			"faces": {
				"north": {"uv": [10.75, 8.75, 12, 9], "texture": "#0"},
				"east": {"uv": [9.25, 10, 10.75, 10.25], "texture": "#missing"},
				"south": {"uv": [10.75, 9, 12, 9.25], "texture": "#0"},
				"west": {"uv": [5, 10.25, 6.5, 10.5], "texture": "#missing"},
				"up": {"uv": [8.75, 9, 7.5, 7.5], "texture": "#missing"},
				"down": {"uv": [9.25, 0, 8, 1.5], "texture": "#0"}
			}
		},
		{
			"from": [7.75, 2.1, 4.75],
			"to": [8.25, 3.6, 10.25],
			"rotation": {"angle": 0, "axis": "y", "origin": [7.8, 2, 4]},
			"faces": {
				"north": {"uv": [4, 10.75, 4.25, 11.25], "texture": "#0"},
				"east": {"uv": [9.5, 2.25, 11, 2.75], "texture": "#0"},
				"south": {"uv": [8.5, 11, 8.75, 11.5], "texture": "#missing"},
				"west": {"uv": [9.5, 2.75, 11, 3.25], "texture": "#0"},
				"up": {"uv": [9, 11.5, 8.75, 10], "texture": "#missing"},
				"down": {"uv": [9.25, 10, 9, 11.5], "texture": "#0"}
			}
		},
		{
			"from": [7.75, 2.1, 9.25],
			"to": [8.25, 3.6, 10.75],
			"rotation": {"angle": 0, "axis": "y", "origin": [7.8, 2, 4]},
			"faces": {
				"north": {"uv": [4, 11.25, 4.25, 11.75], "texture": "#missing"},
				"east": {"uv": [2.5, 11, 3, 11.5], "texture": "#missing"},
				"south": {"uv": [6.5, 11.25, 6.75, 11.75], "texture": "#0"},
				"west": {"uv": [3.25, 11, 3.75, 11.5], "texture": "#missing"},
				"up": {"uv": [7, 11.75, 6.75, 11.25], "texture": "#missing"},
				"down": {"uv": [7.25, 11.25, 7, 11.75], "texture": "#0"}
			}
		},
		{
			"from": [4, 6, 4],
			"to": [5, 7, 12],
			"faces": {
				"north": {"uv": [9.75, 11.5, 10, 11.75], "texture": "#0"},
				"east": {"uv": [9.5, 5.5, 11.5, 5.75], "texture": "#0"},
				"south": {"uv": [10, 11.5, 10.25, 11.75], "texture": "#0"},
				"west": {"uv": [9.5, 5.75, 11.5, 6], "texture": "#0"},
				"up": {"uv": [8.75, 11, 8.5, 9], "texture": "#0"},
				"down": {"uv": [4.5, 9.5, 4.25, 11.5], "texture": "#missing"}
			}
		},
		{
			"from": [3.75, 7, 4],
			"to": [4.75, 8, 11],
			"faces": {
				"north": {"uv": [11, 11.5, 11.25, 11.75], "texture": "#0"},
				"east": {"uv": [10, 4.25, 11.75, 4.5], "texture": "#0"},
				"south": {"uv": [11.5, 11, 11.75, 11.25], "texture": "#missing"},
				"west": {"uv": [10, 6.5, 11.75, 6.75], "texture": "#0"},
				"up": {"uv": [1.75, 11.75, 1.5, 10], "texture": "#missing"},
				"down": {"uv": [2, 10, 1.75, 11.75], "texture": "#0"}
			}
		},
		{
			"from": [3.75, 8, 4],
			"to": [4.75, 9, 12],
			"faces": {
				"north": {"uv": [11.75, 0, 12, 0.25], "texture": "#0"},
				"east": {"uv": [9.75, 9.5, 11.75, 9.75], "texture": "#0"},
				"south": {"uv": [11.75, 0.25, 12, 0.5], "texture": "#0"},
				"west": {"uv": [9.75, 9.75, 11.75, 10], "texture": "#0"},
				"up": {"uv": [0.25, 12, 0, 10], "texture": "#0"},
				"down": {"uv": [0.5, 10, 0.25, 12], "texture": "#missing"}
			}
		},
		{
			"from": [3.75, 7, 11],
			"to": [7.75, 9, 12],
			"faces": {
				"north": {"uv": [8.75, 9.5, 9.75, 10], "texture": "#0"},
				"east": {"uv": [7.25, 11.25, 7.5, 11.75], "texture": "#0"},
				"south": {"uv": [5, 9.75, 6, 10.25], "texture": "#0"},
				"west": {"uv": [7.5, 11.25, 7.75, 11.75], "texture": "#0"},
				"up": {"uv": [6, 11.25, 5, 11], "texture": "#0"},
				"down": {"uv": [7, 11, 6, 11.25], "texture": "#0"}
			}
		},
		{
			"from": [11.25, 7, 4],
			"to": [12.25, 8, 11],
			"faces": {
				"north": {"uv": [10.75, 11.5, 11, 11.75], "texture": "#0"},
				"east": {"uv": [10, 3.75, 11.75, 4], "texture": "#0"},
				"south": {"uv": [11.5, 10.75, 11.75, 11], "texture": "#missing"},
				"west": {"uv": [10, 4, 11.75, 4.25], "texture": "#0"},
				"up": {"uv": [1.25, 11.75, 1, 10], "texture": "#missing"},
				"down": {"uv": [1.5, 10, 1.25, 11.75], "texture": "#0"}
			}
		},
		{
			"from": [11.25, 8, 4],
			"to": [12.25, 9, 12],
			"faces": {
				"north": {"uv": [11.75, 0.5, 12, 0.75], "texture": "#0"},
				"east": {"uv": [10, 3.25, 12, 3.5], "texture": "#0"},
				"south": {"uv": [11.75, 0.75, 12, 1], "texture": "#0"},
				"west": {"uv": [10, 3.5, 12, 3.75], "texture": "#0"},
				"up": {"uv": [0.75, 12, 0.5, 10], "texture": "#0"},
				"down": {"uv": [1, 10, 0.75, 12], "texture": "#missing"}
			}
		},
		{
			"from": [4, 8.75, 4],
			"to": [12, 11.75, 12],
			"faces": {
				"north": {"uv": [8, 6.5, 10, 7.25], "texture": "#0"},
				"east": {"uv": [8.75, 7.25, 10.75, 8], "texture": "#0"},
				"south": {"uv": [8.75, 8, 10.75, 8.75], "texture": "#0"},
				"west": {"uv": [8.75, 8.75, 10.75, 9.5], "texture": "#0"},
				"up": {"uv": [6, 7.5, 4, 5.5], "texture": "#0"},
				"down": {"uv": [8, 5.5, 6, 7.5], "texture": "#0"}
			}
		},
		{
			"from": [5, 5.75, 11.25],
			"to": [11, 10.75, 12.25],
			"faces": {
				"north": {"uv": [8, 4, 9.5, 5.25], "texture": "#0"},
				"east": {"uv": [3, 10.25, 3.25, 11.5], "texture": "#0"},
				"south": {"uv": [8, 5.25, 9.5, 6.5], "texture": "#0"},
				"west": {"uv": [3.75, 10.75, 4, 12], "texture": "#0"},
				"up": {"uv": [6.5, 11, 5, 10.75], "texture": "#0"},
				"down": {"uv": [8, 10.75, 6.5, 11], "texture": "#0"}
			}
		},
		{
			"from": [5, 9.25, 6],
			"to": [11, 12.25, 11],
			"faces": {
				"north": {"uv": [5, 9, 6.5, 9.75], "texture": "#0"},
				"east": {"uv": [9.5, 1.5, 10.75, 2.25], "texture": "#0"},
				"south": {"uv": [6.5, 9, 8, 9.75], "texture": "#0"},
				"west": {"uv": [2, 9.5, 3.25, 10.25], "texture": "#0"},
				"up": {"uv": [9.5, 2.75, 8, 1.5], "texture": "#0"},
				"down": {"uv": [9.5, 2.75, 8, 4], "texture": "#missing"}
			}
		},
		{
			"from": [6, 8, 4.05],
			"to": [8, 9, 5.05],
			"rotation": {"angle": -22.5, "axis": "z", "origin": [8, 8, 7]},
			"faces": {
				"north": {"uv": [9.25, 11.25, 9.75, 11.5], "texture": "#0"},
				"east": {"uv": [1, 11.75, 1.25, 12], "texture": "#missing"},
				"south": {"uv": [9.75, 11.25, 10.25, 11.5], "texture": "#0"},
				"west": {"uv": [11.75, 1, 12, 1.25], "texture": "#0"},
				"up": {"uv": [10.75, 11.5, 10.25, 11.25], "texture": "#0"},
				"down": {"uv": [11.25, 11.25, 10.75, 11.5], "texture": "#0"}
			}
		},
		{
			"from": [4, 8.75, 4.05],
			"to": [6, 9.75, 5.05],
			"rotation": {"angle": 22.5, "axis": "z", "origin": [6, 8.75, 3]},
			"faces": {
				"north": {"uv": [11.5, 4.5, 12, 4.75], "texture": "#0"},
				"east": {"uv": [1.5, 11.75, 1.75, 12], "texture": "#0"},
				"south": {"uv": [4.75, 11.5, 5.25, 11.75], "texture": "#0"},
				"west": {"uv": [1.75, 11.75, 2, 12], "texture": "#missing"},
				"up": {"uv": [12, 5, 11.5, 4.75], "texture": "#0"},
				"down": {"uv": [12, 5, 11.5, 5.25], "texture": "#0"}
			}
		},
		{
			"from": [10, 8.75, 4.05],
			"to": [12, 9.75, 5.05],
			"rotation": {"angle": -22.5, "axis": "z", "origin": [10, 8.75, 3]},
			"faces": {
				"north": {"uv": [5.25, 11.5, 5.75, 11.75], "texture": "#0"},
				"east": {"uv": [2, 11.75, 2.25, 12], "texture": "#missing"},
				"south": {"uv": [11.5, 5.25, 12, 5.5], "texture": "#0"},
				"west": {"uv": [2.25, 11.75, 2.5, 12], "texture": "#0"},
				"up": {"uv": [12, 5.75, 11.5, 5.5], "texture": "#0"},
				"down": {"uv": [6.25, 11.5, 5.75, 11.75], "texture": "#0"}
			}
		},
		{
			"from": [8, 8, 4.05],
			"to": [10, 9, 5.05],
			"rotation": {"angle": 22.5, "axis": "z", "origin": [8, 8, 7]},
			"faces": {
				"north": {"uv": [11.25, 11.25, 11.75, 11.5], "texture": "#0"},
				"east": {"uv": [1.25, 11.75, 1.5, 12], "texture": "#0"},
				"south": {"uv": [2.5, 11.5, 3, 11.75], "texture": "#0"},
				"west": {"uv": [11.75, 1.25, 12, 1.5], "texture": "#missing"},
				"up": {"uv": [3.5, 11.75, 3, 11.5], "texture": "#0"},
				"down": {"uv": [4.75, 11.5, 4.25, 11.75], "texture": "#0"}
			}
		},
		{
			"from": [8.25, 7, 11],
			"to": [12.25, 9, 12],
			"faces": {
				"north": {"uv": [6, 9.75, 7, 10.25], "texture": "#0"},
				"east": {"uv": [7.75, 11.25, 8, 11.75], "texture": "#0"},
				"south": {"uv": [7, 9.75, 8, 10.25], "texture": "#0"},
				"west": {"uv": [8, 11.25, 8.25, 11.75], "texture": "#0"},
				"up": {"uv": [8, 11.25, 7, 11], "texture": "#0"},
				"down": {"uv": [10.25, 11, 9.25, 11.25], "texture": "#0"}
			}
		},
		{
			"from": [11, 6, 4],
			"to": [12, 7, 12],
			"faces": {
				"north": {"uv": [10.25, 11.5, 10.5, 11.75], "texture": "#0"},
				"east": {"uv": [9.5, 6, 11.5, 6.25], "texture": "#0"},
				"south": {"uv": [10.5, 11.5, 10.75, 11.75], "texture": "#0"},
				"west": {"uv": [9.5, 6.25, 11.5, 6.5], "texture": "#0"},
				"up": {"uv": [4.75, 11.5, 4.5, 9.5], "texture": "#0"},
				"down": {"uv": [5, 9.5, 4.75, 11.5], "texture": "#missing"}
			}
		},
		{
			"from": [5, 6, 11],
			"to": [11, 7, 12],
			"faces": {
				"north": {"uv": [9.25, 10.5, 10.75, 10.75], "texture": "#0"},
				"east": {"uv": [11.25, 11.5, 11.5, 11.75], "texture": "#missing"},
				"south": {"uv": [10.75, 1.5, 12.25, 1.75], "texture": "#missing"},
				"west": {"uv": [11.5, 11.5, 11.75, 11.75], "texture": "#missing"},
				"up": {"uv": [12.25, 2, 10.75, 1.75], "texture": "#0"},
				"down": {"uv": [12.25, 2, 10.75, 2.25], "texture": "#missing"}
			}
		},
		{
			"from": [0, -16, 12.25],
			"to": [16, 6, 12.25],
			"rotation": {"angle": 0, "axis": "y", "origin": [8, 6, 12]},
			"faces": {
				"north": {"uv": [0, 0, 4, 5.5], "texture": "#0"},
				"south": {"uv": [4, 0, 8, 5.5], "texture": "#0"}
			}
		}
	],
	"display": {
		"head": {
			"scale": [1.76, 1.76, 1.76]
		}
	},
	"groups": [
		{
			"name": "MaskJay",
			"origin": [8, 8, 8],
			"color": 0,
			"nbt": "{}",
			"children": [
				{
					"name": "lowermask",
					"origin": [0, 0, 0],
					"color": 0,
					"nbt": "{}",
					"children": [
						0,
						1,
						2,
						3,
						4,
						5,
						6,
						{
							"name": "group",
							"origin": [0, 0, 0],
							"color": 0,
							"nbt": "{}",
							"children": [7]
						},
						{
							"name": "group",
							"origin": [0, 0, 0],
							"color": 0,
							"nbt": "{}",
							"children": [8]
						},
						{
							"name": "group",
							"origin": [8, 8, 8],
							"color": 0,
							"nbt": "{}",
							"children": [9, 10]
						},
						{
							"name": "group",
							"origin": [8, 8, 8],
							"color": 0,
							"nbt": "{}",
							"children": [11, 12]
						},
						{
							"name": "group",
							"origin": [8, 8, 8],
							"color": 0,
							"nbt": "{}",
							"children": [13, 14]
						}
					]
				},
				{
					"name": "uppermask",
					"origin": [8, 8, 8],
					"color": 0,
					"nbt": "{}",
					"children": [
						15,
						16,
						17,
						18,
						19,
						20,
						21,
						22,
						23,
						{
							"name": "group",
							"origin": [0, 0, 0],
							"color": 0,
							"nbt": "{}",
							"children": [24]
						},
						{
							"name": "group",
							"origin": [0, 0, 0],
							"color": 0,
							"nbt": "{}",
							"children": [25]
						},
						{
							"name": "group",
							"origin": [0, 0, 0],
							"color": 0,
							"nbt": "{}",
							"children": [26]
						},
						{
							"name": "group",
							"origin": [0, 0, 0],
							"color": 0,
							"nbt": "{}",
							"children": [27]
						},
						28,
						29,
						30
					]
				},
				{
					"name": "scarf",
					"origin": [8, 8, 8],
					"color": 0,
					"nbt": "{}",
					"children": [31]
				}
			]
		}
	]
}