{
	"parent": "item/generated",
	"textures": {
		"layer0": "minecraft:item/structure_void"
	},
	"overrides": [
		{
			"predicate": {
				"custom_model_data": 1
			},
			"model": "item/animated_java_empty"
		},
		{
			"predicate": {
				"custom_model_data": 2
			},
			"model": "animated_java:item/rayleigh/right_leg"
		},
		{
			"predicate": {
				"custom_model_data": 3
			},
			"model": "animated_java:item/rayleigh/left_leg"
		},
		{
			"predicate": {
				"custom_model_data": 4
			},
			"model": "animated_java:item/rayleigh/right_arm"
		},
		{
			"predicate": {
				"custom_model_data": 5
			},
			"model": "animated_java:item/rayleigh/left_arm"
		},
		{
			"predicate": {
				"custom_model_data": 6
			},
			"model": "animated_java:item/rayleigh/head"
		},
		{
			"predicate": {
				"custom_model_data": 7
			},
			"model": "animated_java:item/rayleigh/torso"
		}
	],
	"animated_java": {
		"blueprint": [
			1,
			2,
			3,
			4,
			5,
			6,
			7
		],
		"rigs": {
			"rayleigh": {
				"used_ids": [
					2,
					3,
					4,
					5,
					6,
					7
				]
			}
		}
	}
}